product_id,product_name,product_type,unit_price
1,Steel Pipe,Pipe,250
2,PVC Fitting,Fitting,50
3,Bronze Valve,Valve,500
4,Copper Tube,Tube,150
5,Plastic Elbow,Elbow,30
6,Aluminum Coupling,Coupling,100
7,Stainless Steel Pipe,Pipe,350
8,Plastic sheets,Sheets,60
9,Brass Valve,Valve,600
10,Galvanized Iron Tube,Tube,200
